Pass_Number,QBER,Block_Size
0,24.382049560546875,
1,14.943603515625,4
2,6.02490234375,4
3,1.0461697048611112,4
4,0.09637483465608467,8
5,0.011925429894179895,8
