Pass_Number,QBER,Block_Size,Net Exposed Bits
0,1.3671169686569502,,0
1,0.18880132067208658,8,1585340
2,0.00576714572423816,16,2278924
3,3.8447638161587735e-05,64,2522758
