Pass_Number,QBER,Block_Size
0,24.382049560546875,
1,14.943603515625,4
2,6.022298177083334,4
3,3.137424045138889,8
