Pass_Number,QBER,Block_Size
0,1.3671169686569502,
1,0.37806496540796397,16
2,0.02946121149812593,16
3,0.0007655443786076279,64
4,0.0,64
