Pass_Number,QBER,Block_Size,Net Exposed Bits
0,1.3671169686569502,,0
1,0.07619806956480053,4,2378013
2,0.000576713186595071,8,3269766
3,0.0,8,4050048
4,0.0,16,4505212
