Pass_Number,QBER,Block_Size
0,24.382049560546875,
1,14.943603515625,4
2,6.034261067708333,4
3,1.0511067708333333,4
4,0.09430803571428571,8
5,0.013227513227513229,8
