Pass_Number,QBER,Block_Size
0,24.28338623046875,
1,14.792236328125,4
2,5.92333984375,4
3,0.9884982638888888,4
4,0.0873015873015873,8
5,7.361524470899471,8
