Pass_Number,QBER,Block_Size
0,23.77789306640625,
1,14.285095214843748,4
2,5.522298177083333,4
3,2.723171657986111,8
