Pass_Number,QBER,Block_Size
0,23.77789306640625,
1,14.285095214843748,4
2,5.512858072916667,4
3,0.8758680555555556,4
4,0.06630291005291006,8
5,7.405960648148148,8
