Pass_Number,QBER,Block_Size
0,24.382049560546875,
1,14.943603515625,4
