Pass_Number,QBER,Block_Size
0,24.28338623046875,
1,14.792236328125,4
