Pass_Number,QBER,Block_Size
0,23.77789306640625,
1,24.439627511160715,8
2,27.28100818452381,16
3,27.98888888888889,64
