Pass_Number,QBER,Block_Size
0,24.28338623046875,
1,14.792236328125,4
2,5.893717447916667,4
3,3.0374891493055554,8
