Pass_Number,QBER,Block_Size
0,24.28338623046875,
1,14.792236328125,4
2,5.896158854166666,4
3,0.9891493055555556,4
4,0.09118716931216932,8
5,0.01240079365079365,8
