Pass_Number,QBER,Block_Size
0,23.77789306640625,
1,14.285095214843748,4
2,5.5517578125,4
3,0.8935546875,4
4,0.06741898148148148,8
5,0.01033399470899471,8
